[
  {
    "Id": "99624",
    "ThreadId": "29898",
    "Html": "This is a really great control. It has been very easy to set it up and get it working in my program, but I am having one problem. I can't seem to find a way to get the tab order. Calling GetAllWindows() returns the windows in the order that they were created, but I would like to be able to find out if the user has reordered the tabs. Is there a way to do this?<br>\r\n<br>\r\nThanks<br>\r\n",
    "PostedDate": "2008-06-18T14:18:05.52-07:00",
    "UserRole": null,
    "MarkedAsAnswerDate": null
  },
  {
    "Id": "101755",
    "ThreadId": "29898",
    "Html": "<br>\r\n<div style=\"border-right:medium none;padding-right:0.2em;border-top:#aaa 0.1em dotted;padding-left:0.2em;padding-bottom:0.2em;margin:1em 0em 2.5em 3em;border-left:medium none;padding-top:0.2em;border-bottom:#aaa 0.1em dotted;font-style:italic\"><br>\r\naalex675 wrote:<br>\r\nThis is a really great control. It has been very easy to set it up and get it working in my program, but I am having one problem. I can't seem to find a way to get the tab order. Calling GetAllWindows() returns the windows in the order that they were created, but I would like to be able to find out if the user has reordered the tabs. Is there a way to do this?<br>\r\n<br>\r\nThanks<br>\r\n<br>\r\n<br>\r\n</div>\r\n<br>\r\naalex, I have not taken a look at the code in a while, but I believe if you dive into the TabStrips property of a panel, you can get the order of the windows in the tabstrip. Each panel creates additional tabstrips (how it achieves tiling horizontal).\r\n",
    "PostedDate": "2008-06-30T17:21:09.623-07:00",
    "UserRole": null,
    "MarkedAsAnswerDate": null
  }
]