[
  {
    "Id": "827369",
    "ThreadId": "353234",
    "Html": "\r\n<p>All,</p>\r\n<p>I am fairly new to VB.NET world so please bare with me. I have the Tabbed MDI Window Manager working on my main dialog, it looks great, but a couple of the forms I am wanting to display have their own individual toolbars and they are not displayed. Can this\r\n be changed? If so, how?</p>\r\n<p>Thank you for your help and wonderful control.</p>\r\n<p>Using VB.NET 2008</p>\r\n",
    "PostedDate": "2012-04-23T08:13:19.487-07:00",
    "UserRole": null,
    "MarkedAsAnswerDate": null
  },
  {
    "Id": "838446",
    "ThreadId": "353234",
    "Html": "<p>Sorry for the long delay in responding. Can you send me an example of the problem?</p>",
    "PostedDate": "2012-05-19T12:07:27.717-07:00",
    "UserRole": null,
    "MarkedAsAnswerDate": null
  },
  {
    "Id": "839118",
    "ThreadId": "353234",
    "Html": "<p>Thank you for the reply, but I ended up going a different direction. so I cam no longer produce the problem.</p>",
    "PostedDate": "2012-05-21T13:44:08.33-07:00",
    "UserRole": null,
    "MarkedAsAnswerDate": null
  }
]