[
  {
    "Id": "1005",
    "Title": "Disable Close Button",
    "LatestDate": "2006-09-05T19:01:38.507-07:00"
  },
  {
    "Id": "29898",
    "Title": "Finding the order of tabs",
    "LatestDate": "2008-06-30T17:21:09.623-07:00"
  },
  {
    "Id": "68328",
    "Title": "how to create new tab but not jump to it",
    "LatestDate": "2009-09-08T13:45:02.083-07:00"
  },
  {
    "Id": "233988",
    "Title": "How to change tab size?",
    "LatestDate": "2010-11-09T00:36:18.18-08:00"
  },
  {
    "Id": "353234",
    "Title": "Tool Bars in Tabs",
    "LatestDate": "2012-05-21T13:44:08.33-07:00"
  }
]