[
  {
    "Id": "3259",
    "ThreadId": "1005",
    "Html": "\r\nHi,<br />    Have had a look at your control and it looks like I could use it in my application, can the close button be disabled as i don't want teh end user to be able to cvlose any of the tab windows.<br /><br />Is this possible???<br />",
    "PostedDate": "2006-08-23T23:54:46.603-07:00",
    "UserRole": null,
    "MarkedAsAnswerDate": null
  },
  {
    "Id": "3395",
    "ThreadId": "1005",
    "Html": "\r\nYou can trap the WindowClosing event of the WindowManager component and cancel the action. <br /><br />I will add a ShowCloseButton property to complement the ShowLayoutButtons property. However, this doesn't mean the user can't try to close the window via another mechanism (such as a right-click on the window's tab)... which is why the best way is to handle the WindowClosing event of WindowManager component.<br />",
    "PostedDate": "2006-08-25T15:13:18.803-07:00",
    "UserRole": null,
    "MarkedAsAnswerDate": null
  },
  {
    "Id": "3396",
    "ThreadId": "1005",
    "Html": "\r\nThis discussion has been copied to Work Item 2604. You may wish to continue further discussion there.<br />",
    "PostedDate": "2006-08-25T15:14:18.617-07:00",
    "UserRole": null,
    "MarkedAsAnswerDate": null
  },
  {
    "Id": "4032",
    "ThreadId": "1005",
    "Html": "\r\nIn addition to being able to hide the close button... as of change set 5148 (post RC2) a window's CloseReason is indicated in WindowManager's WindowClosing/WindowClosed event.<br /><br />You can now do this.<br /><br />Private Sub WindowManager1_WindowClosing(ByVal sender As Object, ByVal e As MDIWindowManager.WrappedWindowClosingEventArgs) Handles WindowManager1.WindowClosing<br /><br />    If e.CloseReason = CloseReason.UserClosing Then<br />        e.Cancel = True<br />    End If<br /><br />End Sub<br />",
    "PostedDate": "2006-09-05T19:01:38.507-07:00",
    "UserRole": null,
    "MarkedAsAnswerDate": null
  }
]