[
  {
    "Id": "232387",
    "ThreadId": "68328",
    "Html": "<p>I am trying to mimick&nbsp; the option in firefox to open a browser in a new tab- without jumping to the new tab.</p>\r\n<p>&nbsp;</p>\r\n<p>I have done this using the code below to instatly jump back from the new tab to the current active tab. I would like to avoid the flicker by not opening the new tab at all.</p>\r\n<p>creating an instance of&nbsp; a childform automatically creates a new tab. The last line jumps back to the previously selected tab.</p>\r\n<p>I suppose I need to access and change the source code where it automatically selects a new tab once it is created.</p>\r\n<p>MDIParent2 mp = (MDIParent2)(Application.OpenForms[&quot;MDIParent2&quot;]);<br>&nbsp;&nbsp;&nbsp;&nbsp;&nbsp;&nbsp;&nbsp;&nbsp;&nbsp;&nbsp;&nbsp;&nbsp;&nbsp;&nbsp;&nbsp; WindowManagerPanel wp = ((WindowManagerPanel)mp.windowManagerPanel1);<br>&nbsp;&nbsp;&nbsp;&nbsp;&nbsp;&nbsp;&nbsp;&nbsp;&nbsp;&nbsp;&nbsp;&nbsp;&nbsp;&nbsp;&nbsp; WindowTabStrip senderTab = wp.TabStrips[0];<br>&nbsp;&nbsp;&nbsp;&nbsp;&nbsp;&nbsp;&nbsp;&nbsp;&nbsp;&nbsp;&nbsp;&nbsp;&nbsp;&nbsp;&nbsp; WrappedWindow ww = (WrappedWindow)senderTab.SelectedItem;<br>&nbsp;&nbsp;&nbsp;&nbsp;&nbsp;&nbsp;&nbsp;&nbsp;&nbsp;&nbsp;&nbsp;&nbsp;&nbsp;&nbsp;&nbsp; Form1 childForm = new Form1();<br>&nbsp;&nbsp;&nbsp;&nbsp;&nbsp;&nbsp;&nbsp;&nbsp;&nbsp;&nbsp;&nbsp;&nbsp;&nbsp;&nbsp;&nbsp; childForm.MdiParent = mp;<br>&nbsp;&nbsp;&nbsp;&nbsp;&nbsp;&nbsp;&nbsp;&nbsp;&nbsp;&nbsp;&nbsp;&nbsp;&nbsp;&nbsp;&nbsp; childForm.Show();<br>&nbsp;&nbsp;&nbsp;&nbsp;&nbsp;&nbsp;&nbsp;&nbsp;&nbsp;&nbsp;&nbsp;&nbsp;&nbsp;&nbsp;&nbsp; ww.Window.Activate();</p>",
    "PostedDate": "2009-09-08T13:45:02.083-07:00",
    "UserRole": null,
    "MarkedAsAnswerDate": null
  }
]