{
  "WorkItem": {
    "AffectedComponent": {
      "Name": "",
      "DisplayName": ""
    },
    "ClosedComment": "",
    "ClosedDate": "2006-11-19T01:05:09.1-08:00",
    "CommentCount": 0,
    "Custom": null,
    "Description": "The tooltip over tabs that contain truncated text does not go away when you move the mouse over a different tab. It only goes away when you completely move out the tabs area.\n \nThis is an easy fix.",
    "LastUpdatedDate": "2017-12-10T06:17:49.67-08:00",
    "PlannedForRelease": "",
    "ReleaseVisibleToPublic": false,
    "Priority": {
      "Name": "Low",
      "Severity": 50,
      "Id": 1
    },
    "ProjectName": "mdiwinman",
    "ReportedDate": "2006-11-10T18:51:44.337-08:00",
    "Status": {
      "Name": "Closed",
      "Id": 4
    },
    "ReasonClosed": {
      "Name": "Unassigned"
    },
    "Summary": "Tooltip over truncated tabs does not go away until you move out the tabs area",
    "Type": {
      "Name": "Issue",
      "Id": 3
    },
    "VoteCount": 0,
    "Id": 5507
  },
  "FileAttachments": [],
  "Comments": [
    {
      "Message": "Resolved with changeset 11584.",
      "PostedDate": "2006-11-19T01:05:09.1-08:00",
      "Id": -2147483648
    },
    {
      "Message": "",
      "PostedDate": "2013-02-13T18:31:41.273-08:00",
      "Id": -2147483648
    },
    {
      "Message": "",
      "PostedDate": "2013-05-16T00:21:01.793-07:00",
      "Id": -2147483648
    },
    {
      "Message": "",
      "PostedDate": "2017-12-10T06:17:49.67-08:00",
      "Id": -2147483648
    }
  ]
}