{
  "WorkItem": {
    "AffectedComponent": {
      "Name": "",
      "DisplayName": ""
    },
    "ClosedComment": "",
    "ClosedDate": "2006-11-03T02:04:10.517-08:00",
    "CommentCount": 0,
    "Custom": null,
    "Description": "The location of the left navigation button is currently on the right hand side, would it be possible to make it on the left hand side, just to make navigation easier.",
    "LastUpdatedDate": "2017-12-10T06:17:47.59-08:00",
    "PlannedForRelease": "",
    "ReleaseVisibleToPublic": false,
    "Priority": {
      "Name": "Low",
      "Severity": 50,
      "Id": 1
    },
    "ProjectName": "mdiwinman",
    "ReportedDate": "2006-09-15T18:14:05.157-07:00",
    "Status": {
      "Name": "Closed",
      "Id": 4
    },
    "ReasonClosed": {
      "Name": "Unassigned"
    },
    "Summary": "Left navigation button location, can that be on the left hand side",
    "Type": {
      "Name": "Feature",
      "Id": 1
    },
    "VoteCount": 0,
    "Id": 3304
  },
  "FileAttachments": [],
  "Comments": [
    {
      "Message": "I can see about adding it as an option. Most tab UI's implement it this same way though I think. I'll look into it.",
      "PostedDate": "2006-09-16T03:37:05.073-07:00",
      "Id": -2147483648
    },
    {
      "Message": "",
      "PostedDate": "2006-11-03T02:01:53.247-08:00",
      "Id": -2147483648
    },
    {
      "Message": "Resolved with changeset 10128.",
      "PostedDate": "2006-11-03T02:04:10.517-08:00",
      "Id": -2147483648
    },
    {
      "Message": "",
      "PostedDate": "2013-02-13T18:31:43.773-08:00",
      "Id": -2147483648
    },
    {
      "Message": "",
      "PostedDate": "2013-05-16T00:21:03.823-07:00",
      "Id": -2147483648
    },
    {
      "Message": "",
      "PostedDate": "2017-12-10T06:17:47.59-08:00",
      "Id": -2147483648
    }
  ]
}