{
  "WorkItem": {
    "AffectedComponent": {
      "Name": "",
      "DisplayName": ""
    },
    "ClosedComment": "",
    "ClosedDate": "2006-11-09T20:41:01.893-08:00",
    "CommentCount": 0,
    "Custom": null,
    "Description": "Exception when closing the MDI parent while WindowManagerPanel is in MinMode. This also causes WindowManagerPanel to not come out MinMode when a child window becomes active. The problem is in the tabs drawing routine and is caused by attempting to create an offscreen bitmap that is too small.",
    "LastUpdatedDate": "2017-12-10T06:17:49.02-08:00",
    "PlannedForRelease": "",
    "ReleaseVisibleToPublic": false,
    "Priority": {
      "Name": "Medium",
      "Severity": 100,
      "Id": 2
    },
    "ProjectName": "mdiwinman",
    "ReportedDate": "2006-11-08T03:25:58.587-08:00",
    "Status": {
      "Name": "Closed",
      "Id": 4
    },
    "ReasonClosed": {
      "Name": "Unassigned"
    },
    "Summary": "Exception when exiting while in MinMode",
    "Type": {
      "Name": "Issue",
      "Id": 3
    },
    "VoteCount": 1,
    "Id": 5369
  },
  "FileAttachments": [],
  "Comments": [
    {
      "Message": "Resolved with changeset 10695.",
      "PostedDate": "2006-11-09T20:41:01.893-08:00",
      "Id": -2147483648
    },
    {
      "Message": "",
      "PostedDate": "2013-02-13T18:31:42.017-08:00",
      "Id": -2147483648
    },
    {
      "Message": "",
      "PostedDate": "2013-05-16T00:21:02.44-07:00",
      "Id": -2147483648
    },
    {
      "Message": "",
      "PostedDate": "2017-12-10T06:17:49.02-08:00",
      "Id": -2147483648
    }
  ]
}