{
  "WorkItem": {
    "AffectedComponent": {
      "Name": "",
      "DisplayName": ""
    },
    "ClosedComment": "",
    "ClosedDate": "2006-11-08T01:15:37.963-08:00",
    "CommentCount": 0,
    "Custom": null,
    "Description": "When you HTile a window (\"New Horizontal Tab Group\"), not all of the settings such as BackColor, ForeColor, etc. are applied to the subpanel.",
    "LastUpdatedDate": "2017-12-10T06:17:48.757-08:00",
    "PlannedForRelease": "",
    "ReleaseVisibleToPublic": false,
    "Priority": {
      "Name": "Low",
      "Severity": 50,
      "Id": 1
    },
    "ProjectName": "mdiwinman",
    "ReportedDate": "2006-11-06T12:38:51.603-08:00",
    "Status": {
      "Name": "Closed",
      "Id": 4
    },
    "ReasonClosed": {
      "Name": "Unassigned"
    },
    "Summary": "Not all Look and feel settings applied to HTiled panels",
    "Type": {
      "Name": "Issue",
      "Id": 3
    },
    "VoteCount": 0,
    "Id": 5289
  },
  "FileAttachments": [],
  "Comments": [
    {
      "Message": "Resolved with changeset 10482.",
      "PostedDate": "2006-11-08T01:15:37.963-08:00",
      "Id": -2147483648
    },
    {
      "Message": "",
      "PostedDate": "2013-02-13T18:31:42.34-08:00",
      "Id": -2147483648
    },
    {
      "Message": "",
      "PostedDate": "2013-05-16T00:21:02.733-07:00",
      "Id": -2147483648
    },
    {
      "Message": "",
      "PostedDate": "2017-12-10T06:17:48.757-08:00",
      "Id": -2147483648
    }
  ]
}