[
  {
    "Id": 2025,
    "Title": "Bug when popping out to desktop last remaining child"
  },
  {
    "Id": 2604,
    "Title": "Disable Close Button"
  },
  {
    "Id": 2640,
    "Title": "Change Close button behavior to send SC_CLOSE sys command."
  },
  {
    "Id": 2804,
    "Title": "App  hangs when MDI parent is closed without first explicitely closing the child windows"
  },
  {
    "Id": 2934,
    "Title": "WindowManager.WindowClosing/Closed does not contain CloseReason"
  },
  {
    "Id": 3007,
    "Title": "Exception when closing MDI parent when there are tiled windows open"
  },
  {
    "Id": 3008,
    "Title": "Wrap all Events in Overridable subs"
  },
  {
    "Id": 3217,
    "Title": "Replace hiding windows with z-order switching"
  },
  {
    "Id": 3218,
    "Title": "FormClosing/FormClosed not raised for child forms that aren't visible during application exit"
  },
  {
    "Id": 3219,
    "Title": "CTRL+TAB feature doesn't work as expected with tiled windows"
  },
  {
    "Id": 3221,
    "Title": "EnsureVisible to current tab when MDI parent is not visible"
  },
  {
    "Id": 3260,
    "Title": "Add Repeat Scroll ability to tabs"
  },
  {
    "Id": 3303,
    "Title": "Tab header is refreshing twice on click"
  },
  {
    "Id": 3304,
    "Title": "Left navigation button location, can that be on the left hand side"
  },
  {
    "Id": 5108,
    "Title": "Bolded tab text for active window"
  },
  {
    "Id": 5109,
    "Title": "Clicking on already selected Tab"
  },
  {
    "Id": 5111,
    "Title": "Highlight Fill for AngledHilite tabs is off"
  },
  {
    "Id": 5130,
    "Title": "Problems with selected window"
  },
  {
    "Id": 5156,
    "Title": "Exception \"can't add system menu\" when popping out a window"
  },
  {
    "Id": 5177,
    "Title": "Allow custom drawing of tabs"
  },
  {
    "Id": 5178,
    "Title": "CloseAllWindows feature"
  },
  {
    "Id": 5289,
    "Title": "Not all Look and feel settings applied to HTiled panels"
  },
  {
    "Id": 5343,
    "Title": "Windows dialog box doesn't always work properly"
  },
  {
    "Id": 5369,
    "Title": "Exception when exiting while in MinMode"
  },
  {
    "Id": 5454,
    "Title": "Popped out windows are offscreen"
  },
  {
    "Id": 5469,
    "Title": "Pop in minimized window"
  },
  {
    "Id": 5506,
    "Title": "Minor Active Window tracking bug"
  },
  {
    "Id": 5507,
    "Title": "Tooltip over truncated tabs does not go away until you move out the tabs area"
  },
  {
    "Id": 5615,
    "Title": "Popped out windows scrolling bug"
  },
  {
    "Id": 6455,
    "Title": "Tabs are oddly sized on localized forms"
  },
  {
    "Id": 12479,
    "Title": "Flat look"
  },
  {
    "Id": 25301,
    "Title": "FormWindowState.Maximized causes a layout problem"
  }
]