{
  "WorkItem": {
    "AffectedComponent": {
      "Name": "",
      "DisplayName": ""
    },
    "ClosedComment": "",
    "ClosedDate": "2006-11-19T01:05:09.583-08:00",
    "CommentCount": 0,
    "Custom": null,
    "Description": "Sometimes when a window is popped out, the Framework places its controls in funny ways when it is shown on the desktop. This seems be caused by MDIWindowManager momentarily making the window invisible before settings it's MDIParent property to Nothing. \n \nThe fix seems to be to leave it visible while we're popping it out.",
    "LastUpdatedDate": "2017-12-10T06:17:49.88-08:00",
    "PlannedForRelease": "",
    "ReleaseVisibleToPublic": false,
    "Priority": {
      "Name": "Low",
      "Severity": 50,
      "Id": 1
    },
    "ProjectName": "mdiwinman",
    "ReportedDate": "2006-11-13T19:31:03.907-08:00",
    "Status": {
      "Name": "Closed",
      "Id": 4
    },
    "ReasonClosed": {
      "Name": "Unassigned"
    },
    "Summary": "Popped out windows scrolling bug",
    "Type": {
      "Name": "Issue",
      "Id": 3
    },
    "VoteCount": 1,
    "Id": 5615
  },
  "FileAttachments": [],
  "Comments": [
    {
      "Message": "Resolved with changeset 11584.",
      "PostedDate": "2006-11-19T01:05:09.583-08:00",
      "Id": -2147483648
    },
    {
      "Message": "",
      "PostedDate": "2013-02-13T18:31:41.103-08:00",
      "Id": -2147483648
    },
    {
      "Message": "",
      "PostedDate": "2013-05-16T00:21:01.2-07:00",
      "Id": -2147483648
    },
    {
      "Message": "",
      "PostedDate": "2017-12-10T06:17:49.88-08:00",
      "Id": -2147483648
    }
  ]
}