{
  "WorkItem": {
    "AffectedComponent": {
      "Name": "",
      "DisplayName": ""
    },
    "ClosedComment": "",
    "ClosedDate": "2006-09-01T18:07:29.32-07:00",
    "CommentCount": 0,
    "Custom": null,
    "Description": "This allows child windows to receive the proper \"Reason\" value in their FormClosing event.",
    "LastUpdatedDate": "2017-12-10T06:17:45.683-08:00",
    "PlannedForRelease": "",
    "ReleaseVisibleToPublic": false,
    "Priority": {
      "Name": "High",
      "Severity": 150,
      "Id": 3
    },
    "ProjectName": "mdiwinman",
    "ReportedDate": "2006-08-26T22:11:14.733-07:00",
    "Status": {
      "Name": "Closed",
      "Id": 4
    },
    "ReasonClosed": {
      "Name": "Unassigned"
    },
    "Summary": "Change Close button behavior to send SC_CLOSE sys command.",
    "Type": {
      "Name": "Issue",
      "Id": 3
    },
    "VoteCount": 0,
    "Id": 2640
  },
  "FileAttachments": [],
  "Comments": [
    {
      "Message": "Resolved with changeset 4878.",
      "PostedDate": "2006-09-01T18:07:29.32-07:00",
      "Id": -2147483648
    },
    {
      "Message": "",
      "PostedDate": "2013-02-13T18:31:45.53-08:00",
      "Id": -2147483648
    },
    {
      "Message": "",
      "PostedDate": "2013-05-16T00:21:05.763-07:00",
      "Id": -2147483648
    },
    {
      "Message": "",
      "PostedDate": "2017-12-10T06:17:45.683-08:00",
      "Id": -2147483648
    }
  ]
}