{
  "WorkItem": {
    "AffectedComponent": {
      "Name": "",
      "DisplayName": ""
    },
    "ClosedComment": "",
    "ClosedDate": "2006-09-14T00:44:21.157-07:00",
    "CommentCount": 0,
    "Custom": null,
    "Description": "When windows are added and the MDI parent is not visible, the tabstrip don't scroll to the tab the represents the active window automatically.\nThis is caused by the fact that EnsureVisible relies on the Paint method which is not triggered when the tabstrip isn't visible.",
    "LastUpdatedDate": "2017-12-10T06:17:47.197-08:00",
    "PlannedForRelease": "",
    "ReleaseVisibleToPublic": false,
    "Priority": {
      "Name": "Medium",
      "Severity": 100,
      "Id": 2
    },
    "ProjectName": "mdiwinman",
    "ReportedDate": "2006-09-13T23:20:48.437-07:00",
    "Status": {
      "Name": "Closed",
      "Id": 4
    },
    "ReasonClosed": {
      "Name": "Unassigned"
    },
    "Summary": "EnsureVisible to current tab when MDI parent is not visible",
    "Type": {
      "Name": "Issue",
      "Id": 3
    },
    "VoteCount": 0,
    "Id": 3221
  },
  "FileAttachments": [],
  "Comments": [
    {
      "Message": "Resolved with changeset 5778.",
      "PostedDate": "2006-09-14T00:44:21.157-07:00",
      "Id": -2147483648
    },
    {
      "Message": "",
      "PostedDate": "2013-02-13T18:31:44.417-08:00",
      "Id": -2147483648
    },
    {
      "Message": "",
      "PostedDate": "2013-05-16T00:21:04.293-07:00",
      "Id": -2147483648
    },
    {
      "Message": "",
      "PostedDate": "2017-12-10T06:17:47.197-08:00",
      "Id": -2147483648
    }
  ]
}