{
  "WorkItem": {
    "AffectedComponent": {
      "Name": "",
      "DisplayName": ""
    },
    "ClosedComment": "",
    "ClosedDate": "2006-09-01T18:07:29.867-07:00",
    "CommentCount": 0,
    "Custom": null,
    "Description": "Allow the ability to hide the close button just like the layout buttons.",
    "LastUpdatedDate": "2017-12-10T06:17:45.15-08:00",
    "PlannedForRelease": "",
    "ReleaseVisibleToPublic": false,
    "Priority": {
      "Name": "Medium",
      "Severity": 100,
      "Id": 2
    },
    "ProjectName": "mdiwinman",
    "ReportedDate": "2006-08-25T15:14:18.43-07:00",
    "Status": {
      "Name": "Closed",
      "Id": 4
    },
    "ReasonClosed": {
      "Name": "Unassigned"
    },
    "Summary": "Disable Close Button",
    "Type": {
      "Name": "Feature",
      "Id": 1
    },
    "VoteCount": 0,
    "Id": 2604
  },
  "FileAttachments": [],
  "Comments": [
    {
      "Message": "Resolved with changeset 4878.",
      "PostedDate": "2006-09-01T18:07:29.867-07:00",
      "Id": -2147483648
    },
    {
      "Message": "",
      "PostedDate": "2013-02-13T18:31:45.7-08:00",
      "Id": -2147483648
    },
    {
      "Message": "",
      "PostedDate": "2013-05-16T00:21:05.983-07:00",
      "Id": -2147483648
    },
    {
      "Message": "",
      "PostedDate": "2017-12-10T06:17:45.15-08:00",
      "Id": -2147483648
    }
  ]
}