{
  "WorkItem": {
    "AffectedComponent": {
      "Name": "",
      "DisplayName": ""
    },
    "ClosedComment": "",
    "ClosedDate": "2006-11-03T02:04:11.47-08:00",
    "CommentCount": 0,
    "Custom": null,
    "Description": "The bolded tab text always reflects the selected window in the WindowManagerPanel. If there are additional subpanels visible (HTiled windows) they each have a bolded tab (indicating \"selected\") for a window.\n \nMake it so that there is only ONE bolded tab in all tabs in all panels (there can only be \"one\" *truly* active child window at a time).",
    "LastUpdatedDate": "2017-12-10T06:17:47.717-08:00",
    "PlannedForRelease": "",
    "ReleaseVisibleToPublic": false,
    "Priority": {
      "Name": "Medium",
      "Severity": 100,
      "Id": 2
    },
    "ProjectName": "mdiwinman",
    "ReportedDate": "2006-11-02T21:41:51.757-08:00",
    "Status": {
      "Name": "Closed",
      "Id": 4
    },
    "ReasonClosed": {
      "Name": "Unassigned"
    },
    "Summary": "Bolded tab text for active window",
    "Type": {
      "Name": "Issue",
      "Id": 3
    },
    "VoteCount": 0,
    "Id": 5108
  },
  "FileAttachments": [],
  "Comments": [
    {
      "Message": "Resolved with changeset 10128.",
      "PostedDate": "2006-11-03T02:04:11.47-08:00",
      "Id": -2147483648
    },
    {
      "Message": "",
      "PostedDate": "2013-02-13T18:31:43.52-08:00",
      "Id": -2147483648
    },
    {
      "Message": "",
      "PostedDate": "2013-05-16T00:21:03.673-07:00",
      "Id": -2147483648
    },
    {
      "Message": "",
      "PostedDate": "2017-12-10T06:17:47.717-08:00",
      "Id": -2147483648
    }
  ]
}