{
  "WorkItem": {
    "AffectedComponent": {
      "Name": "",
      "DisplayName": ""
    },
    "ClosedComment": "",
    "ClosedDate": "2006-11-09T20:41:01.44-08:00",
    "CommentCount": 0,
    "Custom": null,
    "Description": "If a window is popped back into MDIWindowManager while it is minimized (the user right-clicks on the window's taskbar button and selects \"Return to Application Workspace\") it is popped in an inaccessible state.",
    "LastUpdatedDate": "2017-12-10T06:17:49.283-08:00",
    "PlannedForRelease": "",
    "ReleaseVisibleToPublic": false,
    "Priority": {
      "Name": "Low",
      "Severity": 50,
      "Id": 1
    },
    "ProjectName": "mdiwinman",
    "ReportedDate": "2006-11-09T06:46:15.043-08:00",
    "Status": {
      "Name": "Closed",
      "Id": 4
    },
    "ReasonClosed": {
      "Name": "Unassigned"
    },
    "Summary": "Pop in minimized window",
    "Type": {
      "Name": "Issue",
      "Id": 3
    },
    "VoteCount": 1,
    "Id": 5469
  },
  "FileAttachments": [],
  "Comments": [
    {
      "Message": "Resolved with changeset 10695.",
      "PostedDate": "2006-11-09T20:41:01.44-08:00",
      "Id": -2147483648
    },
    {
      "Message": "",
      "PostedDate": "2013-02-13T18:31:41.67-08:00",
      "Id": -2147483648
    },
    {
      "Message": "",
      "PostedDate": "2013-05-16T00:21:02.117-07:00",
      "Id": -2147483648
    },
    {
      "Message": "",
      "PostedDate": "2017-12-10T06:17:49.283-08:00",
      "Id": -2147483648
    }
  ]
}