{
  "WorkItem": {
    "AffectedComponent": {
      "Name": "",
      "DisplayName": ""
    },
    "ClosedComment": "",
    "ClosedDate": "2006-11-08T01:15:38.433-08:00",
    "CommentCount": 0,
    "Custom": null,
    "Description": "Rather than simply exposing an event to allow custom drawing of singular tabs, I'd like to abstract a lot of the code in the WindowTabStrip control into a separate Inhertiable Base class or Interface (I haven't decided yet) so we can create entirely new tabstrips (like with different scrolling and drag drop abilities) and plug them in at Design-time. But, we're also going to expose the simple TabPaint event too.",
    "LastUpdatedDate": "2017-12-10T06:17:48.507-08:00",
    "PlannedForRelease": "",
    "ReleaseVisibleToPublic": false,
    "Priority": {
      "Name": "Medium",
      "Severity": 100,
      "Id": 2
    },
    "ProjectName": "mdiwinman",
    "ReportedDate": "2006-11-04T13:15:07.88-08:00",
    "Status": {
      "Name": "Closed",
      "Id": 4
    },
    "ReasonClosed": {
      "Name": "Unassigned"
    },
    "Summary": "Allow custom drawing of tabs",
    "Type": {
      "Name": "Feature",
      "Id": 1
    },
    "VoteCount": 0,
    "Id": 5177
  },
  "FileAttachments": [],
  "Comments": [
    {
      "Message": "Resolved with changeset 10482.",
      "PostedDate": "2006-11-08T01:15:38.433-08:00",
      "Id": -2147483648
    },
    {
      "Message": "",
      "PostedDate": "2013-02-13T18:31:42.657-08:00",
      "Id": -2147483648
    },
    {
      "Message": "",
      "PostedDate": "2013-05-16T00:21:03.007-07:00",
      "Id": -2147483648
    },
    {
      "Message": "",
      "PostedDate": "2017-12-10T06:17:48.507-08:00",
      "Id": -2147483648
    }
  ]
}