{
  "WorkItem": {
    "AffectedComponent": {
      "Name": "",
      "DisplayName": ""
    },
    "ClosedComment": "",
    "ClosedDate": null,
    "CommentCount": 0,
    "Custom": null,
    "Description": "Let's say you have an MDI child form and you sent the WindowState to FormWindowState.Maximized prior to adding the child form to the MDI form.  In this instance, the Window Manager cuts of the top portion of the form when displaying it in a tab.  This was no big deal to fix, I simply stopped setting the WindowState to FormWindowState.Maximized and the problem went away.  However, I think it would be nice if the Window Manager simply set any window state back to FormWindowState.Minimized prior to rendering.  This would make the Window Manager more \"plug-and-play\" for a legacy app where the child forms are being maximized in code.\n \nCheers,\n \n--Jeff",
    "LastUpdatedDate": "2013-02-13T18:31:40.06-08:00",
    "PlannedForRelease": "",
    "ReleaseVisibleToPublic": false,
    "Priority": {
      "Name": "Low",
      "Severity": 50,
      "Id": 1
    },
    "ProjectName": "mdiwinman",
    "ReportedDate": "2009-11-10T14:02:53.16-08:00",
    "Status": {
      "Name": "Proposed",
      "Id": 1
    },
    "ReasonClosed": {
      "Name": "Unassigned"
    },
    "Summary": "FormWindowState.Maximized causes a layout problem",
    "Type": {
      "Name": "Issue",
      "Id": 3
    },
    "VoteCount": 1,
    "Id": 25301
  },
  "FileAttachments": [],
  "Comments": []
}