{
  "WorkItem": {
    "AffectedComponent": {
      "Name": "",
      "DisplayName": ""
    },
    "ClosedComment": "",
    "ClosedDate": "2006-11-04T03:39:29.97-08:00",
    "CommentCount": 0,
    "Custom": null,
    "Description": "When tiling focus is not returned to the proper tabstrip and the selected tabstrip (in code) is not reflected properly. This leads to unexpected behavior when closing the very last window left in a panel and using the Window Buttons when there is technically no selected tab strip.\n \nAdd code to ensure WindowManagerPanel.SelectedTabStrip is always updated properly.",
    "LastUpdatedDate": "2017-12-10T06:17:48.187-08:00",
    "PlannedForRelease": "",
    "ReleaseVisibleToPublic": false,
    "Priority": {
      "Name": "High",
      "Severity": 150,
      "Id": 3
    },
    "ProjectName": "mdiwinman",
    "ReportedDate": "2006-11-03T09:09:18.483-08:00",
    "Status": {
      "Name": "Closed",
      "Id": 4
    },
    "ReasonClosed": {
      "Name": "Unassigned"
    },
    "Summary": "Problems with selected window",
    "Type": {
      "Name": "Issue",
      "Id": 3
    },
    "VoteCount": 0,
    "Id": 5130
  },
  "FileAttachments": [],
  "Comments": [
    {
      "Message": "Resolved with changeset 10223.",
      "PostedDate": "2006-11-04T03:39:29.97-08:00",
      "Id": -2147483648
    },
    {
      "Message": "",
      "PostedDate": "2013-02-13T18:31:42.997-08:00",
      "Id": -2147483648
    },
    {
      "Message": "",
      "PostedDate": "2013-05-16T00:21:03.287-07:00",
      "Id": -2147483648
    },
    {
      "Message": "",
      "PostedDate": "2017-12-10T06:17:48.187-08:00",
      "Id": -2147483648
    }
  ]
}