{
  "WorkItem": {
    "AffectedComponent": {
      "Name": "",
      "DisplayName": ""
    },
    "ClosedComment": "",
    "ClosedDate": "2006-11-03T02:04:09.97-08:00",
    "CommentCount": 0,
    "Custom": null,
    "Description": "First I thank you for this beautiful control.\nWhen clicking on a tab header, the header seems to refresh itself twice or flicking.",
    "LastUpdatedDate": "2017-12-10T06:17:47.44-08:00",
    "PlannedForRelease": "",
    "ReleaseVisibleToPublic": false,
    "Priority": {
      "Name": "Low",
      "Severity": 50,
      "Id": 1
    },
    "ProjectName": "mdiwinman",
    "ReportedDate": "2006-09-15T18:11:29.95-07:00",
    "Status": {
      "Name": "Closed",
      "Id": 4
    },
    "ReasonClosed": {
      "Name": "Unassigned"
    },
    "Summary": "Tab header is refreshing twice on click",
    "Type": {
      "Name": "Issue",
      "Id": 3
    },
    "VoteCount": 0,
    "Id": 3303
  },
  "FileAttachments": [],
  "Comments": [
    {
      "Message": "Accepted. The flicker has bothered me too.",
      "PostedDate": "2006-09-16T03:38:17.453-07:00",
      "Id": -2147483648
    },
    {
      "Message": "",
      "PostedDate": "2006-11-03T02:01:55.153-08:00",
      "Id": -2147483648
    },
    {
      "Message": "Resolved with changeset 10128.",
      "PostedDate": "2006-11-03T02:04:09.97-08:00",
      "Id": -2147483648
    },
    {
      "Message": "",
      "PostedDate": "2013-02-13T18:31:43.937-08:00",
      "Id": -2147483648
    },
    {
      "Message": "",
      "PostedDate": "2013-05-16T00:21:03.977-07:00",
      "Id": -2147483648
    },
    {
      "Message": "",
      "PostedDate": "2017-12-10T06:17:47.44-08:00",
      "Id": -2147483648
    }
  ]
}