{
  "WorkItem": {
    "AffectedComponent": {
      "Name": "",
      "DisplayName": ""
    },
    "ClosedComment": "",
    "ClosedDate": "2006-11-19T01:05:07.85-08:00",
    "CommentCount": 0,
    "Custom": null,
    "Description": "In some rare occassions the active window (form.ActiveMdiChild) is not accurately reflected by WindowManagerPanel (the wrong tab appears bolded).\n \nWindowManagerPanel relies on WinForm's Activated/Deactivate events to track the active window. However, there are some quirks with the way these occur. For instance, sometimes if a window is activated when a menu is currently open (like you right-clicked on a tab and selected an option) the previous window's Deactivate event is mysteriously not triggered. \n \nThe solution is to forget about about the Activated/Deactivate events of the child windows and focus on MdiChildActivated event as well as sprinkling tracking code into several key MDIWindowManager events internally.",
    "LastUpdatedDate": "2017-12-10T06:17:49.467-08:00",
    "PlannedForRelease": "",
    "ReleaseVisibleToPublic": false,
    "Priority": {
      "Name": "Low",
      "Severity": 50,
      "Id": 1
    },
    "ProjectName": "mdiwinman",
    "ReportedDate": "2006-11-10T18:50:13.847-08:00",
    "Status": {
      "Name": "Closed",
      "Id": 4
    },
    "ReasonClosed": {
      "Name": "Unassigned"
    },
    "Summary": "Minor Active Window tracking bug",
    "Type": {
      "Name": "Issue",
      "Id": 3
    },
    "VoteCount": 0,
    "Id": 5506
  },
  "FileAttachments": [],
  "Comments": [
    {
      "Message": "Resolved with changeset 11584.",
      "PostedDate": "2006-11-19T01:05:07.85-08:00",
      "Id": -2147483648
    },
    {
      "Message": "",
      "PostedDate": "2013-02-13T18:31:41.473-08:00",
      "Id": -2147483648
    },
    {
      "Message": "",
      "PostedDate": "2013-05-16T00:21:01.977-07:00",
      "Id": -2147483648
    },
    {
      "Message": "",
      "PostedDate": "2017-12-10T06:17:49.467-08:00",
      "Id": -2147483648
    }
  ]
}