{
  "WorkItem": {
    "AffectedComponent": {
      "Name": "",
      "DisplayName": ""
    },
    "ClosedComment": "",
    "ClosedDate": null,
    "CommentCount": 0,
    "Custom": null,
    "Description": "When an MDI parent form has its Localizable property set to true, WindowManagerPanel's tabs are sized differently causing them to be clipped.",
    "LastUpdatedDate": "2017-12-10T06:17:50.097-08:00",
    "PlannedForRelease": "",
    "ReleaseVisibleToPublic": false,
    "Priority": {
      "Name": "Low",
      "Severity": 50,
      "Id": 1
    },
    "ProjectName": "mdiwinman",
    "ReportedDate": "2006-12-12T22:12:29.923-08:00",
    "Status": {
      "Name": "Active",
      "Id": 2
    },
    "ReasonClosed": {
      "Name": "Unassigned"
    },
    "Summary": "Tabs are oddly sized on localized forms",
    "Type": {
      "Name": "Issue",
      "Id": 3
    },
    "VoteCount": 1,
    "Id": 6455
  },
  "FileAttachments": [],
  "Comments": [
    {
      "Message": "Is there any solution or workaround for this? I am using a localized form",
      "PostedDate": "2008-09-09T18:30:27.887-07:00",
      "Id": -2147483648
    },
    {
      "Message": "",
      "PostedDate": "2013-02-13T18:31:40.873-08:00",
      "Id": -2147483648
    },
    {
      "Message": "",
      "PostedDate": "2017-12-10T06:17:50.097-08:00",
      "Id": -2147483648
    }
  ]
}