{
  "WorkItem": {
    "AffectedComponent": {
      "Name": "",
      "DisplayName": ""
    },
    "ClosedComment": "",
    "ClosedDate": "2006-09-01T18:07:30.307-07:00",
    "CommentCount": 0,
    "Custom": null,
    "Description": "This is due to the fact that the framework does not always properly raise events in child windows if they are hidden... so the wrapped windows are never released. Added code to properly intercept the MDI parents FormClosed event and dispose of the window wrappers properly.",
    "LastUpdatedDate": "2017-12-10T06:17:45.86-08:00",
    "PlannedForRelease": "",
    "ReleaseVisibleToPublic": false,
    "Priority": {
      "Name": "Medium",
      "Severity": 100,
      "Id": 2
    },
    "ProjectName": "mdiwinman",
    "ReportedDate": "2006-09-01T17:07:03.25-07:00",
    "Status": {
      "Name": "Closed",
      "Id": 4
    },
    "ReasonClosed": {
      "Name": "Unassigned"
    },
    "Summary": "App  hangs when MDI parent is closed without first explicitely closing the child windows",
    "Type": {
      "Name": "Issue",
      "Id": 3
    },
    "VoteCount": 0,
    "Id": 2804
  },
  "FileAttachments": [],
  "Comments": [
    {
      "Message": "Resolved with changeset 4878.",
      "PostedDate": "2006-09-01T18:07:30.307-07:00",
      "Id": -2147483648
    },
    {
      "Message": "",
      "PostedDate": "2013-02-13T18:31:45.36-08:00",
      "Id": -2147483648
    },
    {
      "Message": "",
      "PostedDate": "2013-05-16T00:21:05.387-07:00",
      "Id": -2147483648
    },
    {
      "Message": "",
      "PostedDate": "2017-12-10T06:17:45.86-08:00",
      "Id": -2147483648
    }
  ]
}