{
  "WorkItem": {
    "AffectedComponent": {
      "Name": "",
      "DisplayName": ""
    },
    "ClosedComment": "",
    "ClosedDate": "2006-09-14T00:44:19.8-07:00",
    "CommentCount": 0,
    "Custom": null,
    "Description": "When you switch between windows using mdiwinman, the previous window is hidden and the current window shown. This causes several issues as a result of bugs in the .NET Framework.\nRefactor the window switching code to instead send the 'hidden' windows to the back of z-order behind the currently active window without actually hiding them.",
    "LastUpdatedDate": "2017-12-10T06:17:46.81-08:00",
    "PlannedForRelease": "",
    "ReleaseVisibleToPublic": false,
    "Priority": {
      "Name": "Medium",
      "Severity": 100,
      "Id": 2
    },
    "ProjectName": "mdiwinman",
    "ReportedDate": "2006-09-13T20:03:05.633-07:00",
    "Status": {
      "Name": "Closed",
      "Id": 4
    },
    "ReasonClosed": {
      "Name": "Unassigned"
    },
    "Summary": "Replace hiding windows with z-order switching",
    "Type": {
      "Name": "Task",
      "Id": 2
    },
    "VoteCount": 0,
    "Id": 3217
  },
  "FileAttachments": [],
  "Comments": [
    {
      "Message": "Resolved with changeset 5778.",
      "PostedDate": "2006-09-14T00:44:19.8-07:00",
      "Id": -2147483648
    },
    {
      "Message": "",
      "PostedDate": "2013-02-13T18:31:44.97-08:00",
      "Id": -2147483648
    },
    {
      "Message": "",
      "PostedDate": "2013-05-16T00:21:04.703-07:00",
      "Id": -2147483648
    },
    {
      "Message": "",
      "PostedDate": "2017-12-10T06:17:46.81-08:00",
      "Id": -2147483648
    }
  ]
}