{
  "WorkItem": {
    "AffectedComponent": {
      "Name": "",
      "DisplayName": ""
    },
    "ClosedComment": "",
    "ClosedDate": "2006-08-13T10:05:54.753-07:00",
    "CommentCount": 0,
    "Custom": null,
    "Description": "When the last remaining child form in a WindowManagerPanel is \"Popped Out\" it triggers a NullReference error.",
    "LastUpdatedDate": "2013-05-16T00:21:06.12-07:00",
    "PlannedForRelease": "",
    "ReleaseVisibleToPublic": false,
    "Priority": {
      "Name": "High",
      "Severity": 150,
      "Id": 3
    },
    "ProjectName": "mdiwinman",
    "ReportedDate": "2006-08-13T00:04:04.843-07:00",
    "Status": {
      "Name": "Closed",
      "Id": 4
    },
    "ReasonClosed": {
      "Name": "Unassigned"
    },
    "Summary": "Bug when popping out to desktop last remaining child",
    "Type": {
      "Name": "Issue",
      "Id": 3
    },
    "VoteCount": 0,
    "Id": 2025
  },
  "FileAttachments": [],
  "Comments": []
}