{
  "WorkItem": {
    "AffectedComponent": {
      "Name": "",
      "DisplayName": ""
    },
    "ClosedComment": "",
    "ClosedDate": "2006-11-04T10:42:35.943-08:00",
    "CommentCount": 0,
    "Custom": null,
    "Description": "This seems to be caused by changes made to manual AddWindow method (when not using AutoDetectMdiChildren). Further investigation required.",
    "LastUpdatedDate": "2017-12-10T06:17:48.367-08:00",
    "PlannedForRelease": "",
    "ReleaseVisibleToPublic": false,
    "Priority": {
      "Name": "High",
      "Severity": 150,
      "Id": 3
    },
    "ProjectName": "mdiwinman",
    "ReportedDate": "2006-11-04T02:53:40.94-08:00",
    "Status": {
      "Name": "Closed",
      "Id": 4
    },
    "ReasonClosed": {
      "Name": "Unassigned"
    },
    "Summary": "Exception \"can't add system menu\" when popping out a window",
    "Type": {
      "Name": "Issue",
      "Id": 3
    },
    "VoteCount": 0,
    "Id": 5156
  },
  "FileAttachments": [],
  "Comments": [
    {
      "Message": "This was caused by the advanced sample because it had AutoDetectMdiChildWindows AND was trying to add windows manually. Normally you wouldn't expect the user to do this. It is not supported and I have added code to have the AddWindow method throw an exception when AutoDetectMdiChildWindows is enabled.",
      "PostedDate": "2006-11-04T10:42:03.553-08:00",
      "Id": -2147483648
    },
    {
      "Message": "Resolved with changeset 10241.",
      "PostedDate": "2006-11-04T10:42:35.943-08:00",
      "Id": -2147483648
    },
    {
      "Message": "",
      "PostedDate": "2013-02-13T18:31:42.817-08:00",
      "Id": -2147483648
    },
    {
      "Message": "",
      "PostedDate": "2013-05-16T00:21:03.133-07:00",
      "Id": -2147483648
    },
    {
      "Message": "",
      "PostedDate": "2017-12-10T06:17:48.367-08:00",
      "Id": -2147483648
    }
  ]
}