{
  "WorkItem": {
    "AffectedComponent": {
      "Name": "",
      "DisplayName": ""
    },
    "ClosedComment": "",
    "ClosedDate": "2006-09-14T00:44:20.75-07:00",
    "CommentCount": 0,
    "Custom": null,
    "Description": "This is due to MDI Parent Forms completely taking over the job of CTRL+TAB. When two windows are shown side-by-side using mdiwinman, the MDI parent completely usurps mdiwinman's CTRL+TAB feature.\n \nSolution: see Work Item 3217. This change will have the added benefit of offloading CTRL+TAB switching to the runtime.\n \nTemporary Workaround:\nThere is no way for mdiwinman to take away this \"feature\" from the MDI parent. The only solution is to add the following code to the MDI parent itself.\nProtected Overrides Function ProcessCmdKey(ByRef msg As System.Windows.Forms.Message, ByVal keyData As System.Windows.Forms.Keys) As Boolean\n   Select Case CInt(keyData)\n      Case 131081, 196617, 131189, 196725\n         Return True\n      Case Else\n         Return MyBase.ProcessCmdKey(msg, keyData)\n   End Select\nEnd Function",
    "LastUpdatedDate": "2017-12-10T06:17:47.053-08:00",
    "PlannedForRelease": "",
    "ReleaseVisibleToPublic": false,
    "Priority": {
      "Name": "Medium",
      "Severity": 100,
      "Id": 2
    },
    "ProjectName": "mdiwinman",
    "ReportedDate": "2006-09-13T20:11:34.557-07:00",
    "Status": {
      "Name": "Closed",
      "Id": 4
    },
    "ReasonClosed": {
      "Name": "Unassigned"
    },
    "Summary": "CTRL+TAB feature doesn't work as expected with tiled windows",
    "Type": {
      "Name": "Issue",
      "Id": 3
    },
    "VoteCount": 0,
    "Id": 3219
  },
  "FileAttachments": [],
  "Comments": [
    {
      "Message": "Resolved with changeset 5778.",
      "PostedDate": "2006-09-14T00:44:20.75-07:00",
      "Id": -2147483648
    },
    {
      "Message": "",
      "PostedDate": "2013-02-13T18:31:44.593-08:00",
      "Id": -2147483648
    },
    {
      "Message": "",
      "PostedDate": "2013-05-16T00:21:04.427-07:00",
      "Id": -2147483648
    },
    {
      "Message": "",
      "PostedDate": "2017-12-10T06:17:47.053-08:00",
      "Id": -2147483648
    }
  ]
}