{
  "WorkItem": {
    "AffectedComponent": {
      "Name": "",
      "DisplayName": ""
    },
    "ClosedComment": "",
    "ClosedDate": "2006-11-09T20:41:00.097-08:00",
    "CommentCount": 0,
    "Custom": null,
    "Description": "Popped out windows are being popped out offscreen. This is a regression bug caused by code added to reduce flicker when adding windows. Easy fix... the code must be removed or a workaround found.",
    "LastUpdatedDate": "2017-12-10T06:17:49.15-08:00",
    "PlannedForRelease": "",
    "ReleaseVisibleToPublic": false,
    "Priority": {
      "Name": "High",
      "Severity": 150,
      "Id": 3
    },
    "ProjectName": "mdiwinman",
    "ReportedDate": "2006-11-08T14:16:27.443-08:00",
    "Status": {
      "Name": "Closed",
      "Id": 4
    },
    "ReasonClosed": {
      "Name": "Unassigned"
    },
    "Summary": "Popped out windows are offscreen",
    "Type": {
      "Name": "Issue",
      "Id": 3
    },
    "VoteCount": 1,
    "Id": 5454
  },
  "FileAttachments": [],
  "Comments": [
    {
      "Message": "Resolved with changeset 10695.",
      "PostedDate": "2006-11-09T20:41:00.097-08:00",
      "Id": -2147483648
    },
    {
      "Message": "",
      "PostedDate": "2013-02-13T18:31:41.833-08:00",
      "Id": -2147483648
    },
    {
      "Message": "",
      "PostedDate": "2013-05-16T00:21:02.253-07:00",
      "Id": -2147483648
    },
    {
      "Message": "",
      "PostedDate": "2017-12-10T06:17:49.15-08:00",
      "Id": -2147483648
    }
  ]
}