{
  "WorkItem": {
    "AffectedComponent": {
      "Name": "",
      "DisplayName": ""
    },
    "ClosedComment": "",
    "ClosedDate": "2006-11-08T01:15:38.887-08:00",
    "CommentCount": 0,
    "Custom": null,
    "Description": "This feature was part of the WindowManager component... but since we've rolled all its features into WindowManagerPanel, we need to add this method as well.",
    "LastUpdatedDate": "2017-12-10T06:17:48.64-08:00",
    "PlannedForRelease": "",
    "ReleaseVisibleToPublic": false,
    "Priority": {
      "Name": "Medium",
      "Severity": 100,
      "Id": 2
    },
    "ProjectName": "mdiwinman",
    "ReportedDate": "2006-11-04T13:15:11.49-08:00",
    "Status": {
      "Name": "Closed",
      "Id": 4
    },
    "ReasonClosed": {
      "Name": "Unassigned"
    },
    "Summary": "CloseAllWindows feature",
    "Type": {
      "Name": "Issue",
      "Id": 3
    },
    "VoteCount": 0,
    "Id": 5178
  },
  "FileAttachments": [],
  "Comments": [
    {
      "Message": "Resolved with changeset 10482.",
      "PostedDate": "2006-11-08T01:15:38.887-08:00",
      "Id": -2147483648
    },
    {
      "Message": "",
      "PostedDate": "2013-02-13T18:31:42.493-08:00",
      "Id": -2147483648
    },
    {
      "Message": "",
      "PostedDate": "2013-05-16T00:21:02.873-07:00",
      "Id": -2147483648
    },
    {
      "Message": "",
      "PostedDate": "2017-12-10T06:17:48.64-08:00",
      "Id": -2147483648
    }
  ]
}