{
  "WorkItem": {
    "AffectedComponent": {
      "Name": "",
      "DisplayName": ""
    },
    "ClosedComment": "",
    "ClosedDate": "2006-09-14T17:44:26.72-07:00",
    "CommentCount": 0,
    "Custom": null,
    "Description": "Currently you must repeatedly click the scroll buttons to scroll through the tabs. Add the ability to hold down the mouse button and scroll.",
    "LastUpdatedDate": "2017-12-10T06:17:47.32-08:00",
    "PlannedForRelease": "",
    "ReleaseVisibleToPublic": false,
    "Priority": {
      "Name": "Low",
      "Severity": 50,
      "Id": 1
    },
    "ProjectName": "mdiwinman",
    "ReportedDate": "2006-09-14T17:02:41.56-07:00",
    "Status": {
      "Name": "Closed",
      "Id": 4
    },
    "ReasonClosed": {
      "Name": "Unassigned"
    },
    "Summary": "Add Repeat Scroll ability to tabs",
    "Type": {
      "Name": "Feature",
      "Id": 1
    },
    "VoteCount": 0,
    "Id": 3260
  },
  "FileAttachments": [],
  "Comments": [
    {
      "Message": "Resolved with changeset 5838.",
      "PostedDate": "2006-09-14T17:44:26.72-07:00",
      "Id": -2147483648
    },
    {
      "Message": "",
      "PostedDate": "2013-02-13T18:31:44.24-08:00",
      "Id": -2147483648
    },
    {
      "Message": "",
      "PostedDate": "2013-05-16T00:21:04.13-07:00",
      "Id": -2147483648
    },
    {
      "Message": "",
      "PostedDate": "2017-12-10T06:17:47.32-08:00",
      "Id": -2147483648
    }
  ]
}