{
  "WorkItem": {
    "AffectedComponent": {
      "Name": "",
      "DisplayName": ""
    },
    "ClosedComment": "",
    "ClosedDate": "2006-09-05T18:57:43.397-07:00",
    "CommentCount": 0,
    "Custom": null,
    "Description": "The WindowClosing and WindowClosed events of the WindowManager component do not contain a CloseReason to allow the developer to make decisions on when to reject a window's closing.\nSolution: Reflect the underlying window close event's CloseReason.",
    "LastUpdatedDate": "2017-12-10T06:17:46.027-08:00",
    "PlannedForRelease": "",
    "ReleaseVisibleToPublic": false,
    "Priority": {
      "Name": "Medium",
      "Severity": 100,
      "Id": 2
    },
    "ProjectName": "mdiwinman",
    "ReportedDate": "2006-09-05T18:55:32.143-07:00",
    "Status": {
      "Name": "Closed",
      "Id": 4
    },
    "ReasonClosed": {
      "Name": "Unassigned"
    },
    "Summary": "WindowManager.WindowClosing/Closed does not contain CloseReason",
    "Type": {
      "Name": "Issue",
      "Id": 3
    },
    "VoteCount": 0,
    "Id": 2934
  },
  "FileAttachments": [],
  "Comments": [
    {
      "Message": "Resolved with changeset 5148.",
      "PostedDate": "2006-09-05T18:57:43.397-07:00",
      "Id": -2147483648
    },
    {
      "Message": "",
      "PostedDate": "2013-02-13T18:31:45.18-08:00",
      "Id": -2147483648
    },
    {
      "Message": "",
      "PostedDate": "2013-05-16T00:21:05.163-07:00",
      "Id": -2147483648
    },
    {
      "Message": "",
      "PostedDate": "2017-12-10T06:17:46.027-08:00",
      "Id": -2147483648
    }
  ]
}