{
  "WorkItem": {
    "AffectedComponent": {
      "Name": "",
      "DisplayName": ""
    },
    "ClosedComment": "",
    "ClosedDate": null,
    "CommentCount": 0,
    "Custom": null,
    "Description": "The tabstrip is a little sunken, even when buttons are set to FlatHiliteTabs.\nIs it possible a property of complete flat look?\n \nI really miss it, because the whole control is great and I'm putting it into my app.\nThnx.",
    "LastUpdatedDate": "2013-02-13T18:31:40.667-08:00",
    "PlannedForRelease": "",
    "ReleaseVisibleToPublic": false,
    "Priority": {
      "Name": "Low",
      "Severity": 50,
      "Id": 1
    },
    "ProjectName": "mdiwinman",
    "ReportedDate": "2007-08-27T12:04:08.507-07:00",
    "Status": {
      "Name": "Proposed",
      "Id": 1
    },
    "ReasonClosed": {
      "Name": "Unassigned"
    },
    "Summary": "Flat look",
    "Type": {
      "Name": "Issue",
      "Id": 3
    },
    "VoteCount": 1,
    "Id": 12479
  },
  "FileAttachments": [],
  "Comments": []
}