{
  "WorkItem": {
    "AffectedComponent": {
      "Name": "",
      "DisplayName": ""
    },
    "ClosedComment": "",
    "ClosedDate": "2006-09-10T18:59:06.753-07:00",
    "CommentCount": 0,
    "Custom": null,
    "Description": "",
    "LastUpdatedDate": "2017-12-10T06:17:46.64-08:00",
    "PlannedForRelease": "",
    "ReleaseVisibleToPublic": false,
    "Priority": {
      "Name": "Medium",
      "Severity": 100,
      "Id": 2
    },
    "ProjectName": "mdiwinman",
    "ReportedDate": "2006-09-08T00:53:40.313-07:00",
    "Status": {
      "Name": "Closed",
      "Id": 4
    },
    "ReasonClosed": {
      "Name": "Unassigned"
    },
    "Summary": "Wrap all Events in Overridable subs",
    "Type": {
      "Name": "Task",
      "Id": 2
    },
    "VoteCount": 0,
    "Id": 3008
  },
  "FileAttachments": [],
  "Comments": [
    {
      "Message": "Resolved with changeset 5510.",
      "PostedDate": "2006-09-10T18:59:06.753-07:00",
      "Id": -2147483648
    },
    {
      "Message": "",
      "PostedDate": "2013-05-16T00:21:04.877-07:00",
      "Id": -2147483648
    },
    {
      "Message": "",
      "PostedDate": "2017-12-10T06:17:46.64-08:00",
      "Id": -2147483648
    }
  ]
}