{
  "WorkItem": {
    "AffectedComponent": {
      "Name": "",
      "DisplayName": ""
    },
    "ClosedComment": "",
    "ClosedDate": "2006-11-08T01:15:37.37-08:00",
    "CommentCount": 0,
    "Custom": null,
    "Description": "When using the built-in \"Windows\" dialog box to activate and close windows, sometimes the result of an action is not what is expected. Sometimes the wrong form is close or activated. This is caused by unanticipated bugs in the way WinForms MDI parent windows call Activate/Deactivate events when a modal dialog box is active. This manifests itself in things like Me.ActiveMdiChild *not* being the window that actually has the focus (this bug is easily reproducable and is one of the many odd flukes WinForms).\n \nThe fix is to have WindowManagerPanel's \"Windows\" modal dialog box not do any work while it is visible (and thus \"blocking\" the MDI parent) and instead offload the work to the routines calling it after it has been dismissed.",
    "LastUpdatedDate": "2017-12-10T06:17:48.887-08:00",
    "PlannedForRelease": "",
    "ReleaseVisibleToPublic": false,
    "Priority": {
      "Name": "High",
      "Severity": 150,
      "Id": 3
    },
    "ProjectName": "mdiwinman",
    "ReportedDate": "2006-11-07T15:21:42.537-08:00",
    "Status": {
      "Name": "Closed",
      "Id": 4
    },
    "ReasonClosed": {
      "Name": "Unassigned"
    },
    "Summary": "Windows dialog box doesn't always work properly",
    "Type": {
      "Name": "Issue",
      "Id": 3
    },
    "VoteCount": 0,
    "Id": 5343
  },
  "FileAttachments": [],
  "Comments": [
    {
      "Message": "Resolved with changeset 10482.",
      "PostedDate": "2006-11-08T01:15:37.37-08:00",
      "Id": -2147483648
    },
    {
      "Message": "",
      "PostedDate": "2013-02-13T18:31:42.18-08:00",
      "Id": -2147483648
    },
    {
      "Message": "",
      "PostedDate": "2013-05-16T00:21:02.583-07:00",
      "Id": -2147483648
    },
    {
      "Message": "",
      "PostedDate": "2017-12-10T06:17:48.887-08:00",
      "Id": -2147483648
    }
  ]
}