{
  "WorkItem": {
    "AffectedComponent": {
      "Name": "",
      "DisplayName": ""
    },
    "ClosedComment": "",
    "ClosedDate": "2006-11-03T02:04:12.08-08:00",
    "CommentCount": 0,
    "Custom": null,
    "Description": "The fill for the tabs in AngledHilite mode is a little off.",
    "LastUpdatedDate": "2017-12-10T06:17:48.023-08:00",
    "PlannedForRelease": "",
    "ReleaseVisibleToPublic": false,
    "Priority": {
      "Name": "Medium",
      "Severity": 100,
      "Id": 2
    },
    "ProjectName": "mdiwinman",
    "ReportedDate": "2006-11-03T00:30:11.48-08:00",
    "Status": {
      "Name": "Closed",
      "Id": 4
    },
    "ReasonClosed": {
      "Name": "Unassigned"
    },
    "Summary": "Highlight Fill for AngledHilite tabs is off",
    "Type": {
      "Name": "Issue",
      "Id": 3
    },
    "VoteCount": 0,
    "Id": 5111
  },
  "FileAttachments": [],
  "Comments": [
    {
      "Message": "Resolved with changeset 10128.",
      "PostedDate": "2006-11-03T02:04:12.08-08:00",
      "Id": -2147483648
    },
    {
      "Message": "",
      "PostedDate": "2013-02-13T18:31:43.177-08:00",
      "Id": -2147483648
    },
    {
      "Message": "",
      "PostedDate": "2013-05-16T00:21:03.42-07:00",
      "Id": -2147483648
    },
    {
      "Message": "",
      "PostedDate": "2017-12-10T06:17:48.023-08:00",
      "Id": -2147483648
    }
  ]
}