{
  "WorkItem": {
    "AffectedComponent": {
      "Name": "",
      "DisplayName": ""
    },
    "ClosedComment": "",
    "ClosedDate": "2006-09-14T00:44:20.283-07:00",
    "CommentCount": 0,
    "Custom": null,
    "Description": "This is due to an anomaly in the way the Framework treats MDI children that are not visible. It doesn't raise FormClosing/FormClosed events for MDI Children that are hidden when unloaded. Submitted to Microsoft and resolved by them as \"Won't Fix\".... which is maddening. If they're being \"unloaded\" why isn't the event raised?\n \nSolution: see Work Item 3217",
    "LastUpdatedDate": "2017-12-10T06:17:46.94-08:00",
    "PlannedForRelease": "",
    "ReleaseVisibleToPublic": false,
    "Priority": {
      "Name": "Medium",
      "Severity": 100,
      "Id": 2
    },
    "ProjectName": "mdiwinman",
    "ReportedDate": "2006-09-13T20:04:07.84-07:00",
    "Status": {
      "Name": "Closed",
      "Id": 4
    },
    "ReasonClosed": {
      "Name": "Unassigned"
    },
    "Summary": "FormClosing/FormClosed not raised for child forms that aren't visible during application exit",
    "Type": {
      "Name": "Issue",
      "Id": 3
    },
    "VoteCount": 0,
    "Id": 3218
  },
  "FileAttachments": [],
  "Comments": [
    {
      "Message": "Resolved with changeset 5778.",
      "PostedDate": "2006-09-14T00:44:20.283-07:00",
      "Id": -2147483648
    },
    {
      "Message": "",
      "PostedDate": "2013-02-13T18:31:44.767-08:00",
      "Id": -2147483648
    },
    {
      "Message": "",
      "PostedDate": "2013-05-16T00:21:04.57-07:00",
      "Id": -2147483648
    },
    {
      "Message": "",
      "PostedDate": "2017-12-10T06:17:46.94-08:00",
      "Id": -2147483648
    }
  ]
}