{
  "WorkItem": {
    "AffectedComponent": {
      "Name": "",
      "DisplayName": ""
    },
    "ClosedComment": "",
    "ClosedDate": "2006-11-03T02:04:10.97-08:00",
    "CommentCount": 0,
    "Custom": null,
    "Description": "Clicking on an already selected tab should reset the focus on its window. Currently nothing happens.\n \nThis worked at some point but was lost after some changes were made.",
    "LastUpdatedDate": "2017-12-10T06:17:47.89-08:00",
    "PlannedForRelease": "",
    "ReleaseVisibleToPublic": false,
    "Priority": {
      "Name": "Low",
      "Severity": 50,
      "Id": 1
    },
    "ProjectName": "mdiwinman",
    "ReportedDate": "2006-11-02T21:44:18.01-08:00",
    "Status": {
      "Name": "Closed",
      "Id": 4
    },
    "ReasonClosed": {
      "Name": "Unassigned"
    },
    "Summary": "Clicking on already selected Tab",
    "Type": {
      "Name": "Issue",
      "Id": 3
    },
    "VoteCount": 0,
    "Id": 5109
  },
  "FileAttachments": [],
  "Comments": [
    {
      "Message": "Resolved with changeset 10128.",
      "PostedDate": "2006-11-03T02:04:10.97-08:00",
      "Id": -2147483648
    },
    {
      "Message": "",
      "PostedDate": "2013-02-13T18:31:43.337-08:00",
      "Id": -2147483648
    },
    {
      "Message": "",
      "PostedDate": "2013-05-16T00:21:03.55-07:00",
      "Id": -2147483648
    },
    {
      "Message": "",
      "PostedDate": "2017-12-10T06:17:47.89-08:00",
      "Id": -2147483648
    }
  ]
}