{"Name":"Custom License","Text":"*** This source code is governed by the BSD License *** It must retain ALL copyright notices. Unless otherwise noted all code is copyrighted by C. Moya. ***\r\n\r\nLicense\r\n\r\nCopyright (c) 2005, Carlos Moya\r\nAll rights reserved.\r\n\r\nRedistribution and use in source and binary forms, with or without modification, are permitted provided that the following conditions are met:\r\n\r\nRedistributions of source code must retain the above copyright notice, this list of conditions and the following disclaimer. \r\nRedistributions in binary form must reproduce the above copyright notice, this list of conditions and the following disclaimer in the documentation and/or other materials provided with the distribution. \r\nNeither the name of the C-Flash Software nor the names of its contributors may be used to endorse or promote products derived from this software without specific prior written permission. \r\nTHIS SOFTWARE IS PROVIDED BY THE COPYRIGHT HOLDERS AND CONTRIBUTORS \"AS IS\" AND ANY EXPRESS OR IMPLIED WARRANTIES, INCLUDING, BUT NOT LIMITED TO, THE IMPLIED WARRANTIES OF MERCHANTABILITY AND FITNESS FOR A PARTICULAR PURPOSE ARE DISCLAIMED. IN NO EVENT SHALL THE COPYRIGHT OWNER OR CONTRIBUTORS BE LIABLE FOR ANY DIRECT, INDIRECT, INCIDENTAL, SPECIAL, EXEMPLARY, OR CONSEQUENTIAL DAMAGES (INCLUDING, BUT NOT LIMITED TO, PROCUREMENT OF SUBSTITUTE GOODS OR SERVICES; LOSS OF USE, DATA, OR PROFITS; OR BUSINESS INTERRUPTION) HOWEVER CAUSED AND ON ANY THEORY OF LIABILITY, WHETHER IN CONTRACT, STRICT LIABILITY, OR TORT (INCLUDING NEGLIGENCE OR OTHERWISE) ARISING IN ANY WAY OUT OF THE USE OF THIS SOFTWARE, EVEN IF ADVISED OF THE POSSIBILITY OF SUCH DAMAGE.","Id":283,"ShortName":"Custom","StartDate":"\/Date(1155317139073-0700)\/"}