[
  {
    "Id": "0",
    "Name": "2.0.4 Production",
    "DevelopmentStatus": "None",
    "Description": "-Stable release, feature complete.\r\n-Binaries, doc, and sample project included.\r\n\r\nFor source code, use the Source Code section to download or contribute. You can remove the binding to the CodePlex TFS server simply by cancelling the prompts when you load the project in Visual Studio.\r\n\r\nCorresponding Change Set: 11584\r\n\r\n*NOTE: This release contains substantial changes to the object model. Any application that currently uses MDIWindowManager may require code changes.\r\n\r\nVs05StTabsProvider.zip contains an optional Tabs Provider that gives MDIWindowManager a VS2005 tabs look and feel.",
    "ReleasedDatge": "0001-01-01T00:00:00",
    "ModifiedDate": "0001-01-01T00:00:00",
    "Files": [
      {
        "Id": "2ec2f18a-74b1-4a4e-afa0-7845b75deeb6",
        "FileName": "mdiwinman204.zip",
        "Url": "./0/2ec2f18a-74b1-4a4e-afa0-7845b75deeb6",
        "Type": "Application",
        "UploadDate": "2006-11-19T01:00:47.087-08:00"
      },
      {
        "Id": "f9599bdb-1f23-42d8-8d24-7affcb85572c",
        "FileName": "Vs05StTabsProvider.zip",
        "Url": "./0/f9599bdb-1f23-42d8-8d24-7affcb85572c",
        "Type": "Application",
        "UploadDate": "2006-11-20T23:59:21.983-08:00"
      }
    ]
  },
  {
    "Id": "1",
    "Name": "2.0.3 Release Candidate",
    "DevelopmentStatus": "None",
    "Description": "-Stable release, feature complete.\r\n-Binaries, doc, and sample project included.\r\n\r\nFor source code, use the Source Code section to download or contribute. You can remove the binding to the CodePlex TFS server simply by cancelling the prompts when you load the project in Visual Studio.\r\n\r\nCorresponding Change Set: 10697\r\n\r\n*NOTE: This release contains substantial changes to the object model. Any application that currently uses MDIWindowManager will require code changes.",
    "ReleasedDatge": "0001-01-01T00:00:00",
    "ModifiedDate": "0001-01-01T00:00:00",
    "Files": [
      {
        "Id": "7a7686bc-66f0-4c70-be79-58b27e787d5f",
        "FileName": "mdiwinman203.zip",
        "Url": "./1/7a7686bc-66f0-4c70-be79-58b27e787d5f",
        "Type": "Application",
        "UploadDate": "2006-11-09T23:02:03.78-08:00"
      }
    ]
  },
  {
    "Id": "2",
    "Name": "2.0.2 Release Candidate",
    "DevelopmentStatus": "None",
    "Description": "-Stable release, feature complete.\r\n-Binaries, doc, and sample project included.\r\n\r\nFor source code, use the Source Code section to download or contribute. You can remove the binding to the CodePlex TFS server simply by cancelling the prompts when you load the project in Visual Studio.\r\n\r\nCorresponding Change Set: 4976",
    "ReleasedDatge": "0001-01-01T00:00:00",
    "ModifiedDate": "0001-01-01T00:00:00",
    "Files": [
      {
        "Id": "72d0024f-9039-4407-bb74-238583f2f9a8",
        "FileName": "mdiwinman202.zip",
        "Url": "./2/72d0024f-9039-4407-bb74-238583f2f9a8",
        "Type": "Application",
        "UploadDate": "2006-09-03T07:03:13.523-07:00"
      }
    ]
  },
  {
    "Id": "3",
    "Name": "2.0.1 Release Candidate",
    "DevelopmentStatus": "None",
    "Description": "-Stable release, feature complete.\r\n-Binaries, doc, and sample project included.\r\n\r\nFor source code, use the Source Code section to download or contribute. You can remove the binding to the CodePlex TFS server simply by cancelling the prompts when you load the project in Visual Studio.\r\n\r\nCorresponding Change Set: 3095",
    "ReleasedDatge": "0001-01-01T00:00:00",
    "ModifiedDate": "0001-01-01T00:00:00",
    "Files": [
      {
        "Id": "e085814f-892e-44c0-9728-586ef5039953",
        "FileName": "mdiwinman201.zip",
        "Url": "./3/e085814f-892e-44c0-9728-586ef5039953",
        "Type": "Application",
        "UploadDate": "2006-08-14T11:48:59.787-07:00"
      }
    ]
  },
  {
    "Id": "4",
    "Name": "2.1.0 Production",
    "DevelopmentStatus": "None",
    "Description": "--- Overview ---\r\n-Stable release, feature complete.\r\n-Binaries, doc, and sample project included.\r\n\r\n--- Source Code ---\r\nFor source code, use the Source Code section to download or contribute. You can remove the binding to the CodePlex TFS server simply by cancelling the prompts when you load the project in Visual Studio.\r\n\r\nCorresponding Change Set: 12106\r\n\r\n--- Additional Files ---\r\nVs05StTabsProvider.zip contains an optional Tabs Provider that gives MDIWindowManager a VS2005 tabs look and feel.\r\n\r\n*NOTE: Please feel free to add comments- good or bad- or report issues using the Forums and/or Issue Tracker sections.*",
    "ReleasedDatge": "0001-01-01T00:00:00",
    "ModifiedDate": "0001-01-01T00:00:00",
    "Files": [
      {
        "Id": "b9d24d7b-85bc-4ebe-ad82-56d62d53837d",
        "FileName": "mdiwinman210.zip",
        "Url": "./4/b9d24d7b-85bc-4ebe-ad82-56d62d53837d",
        "Type": "Application",
        "UploadDate": "2006-11-26T14:59:19.313-08:00"
      },
      {
        "Id": "2c3026e5-ee51-45d0-aa29-81d4681389ea",
        "FileName": "Vs05StTabsProvider.zip",
        "Url": "./4/2c3026e5-ee51-45d0-aa29-81d4681389ea",
        "Type": "Application",
        "UploadDate": "2006-11-26T14:59:19.347-08:00"
      },
      {
        "Id": "87fa7fa0-774f-4919-9693-06c1c1381d06",
        "FileName": "Update Information.txt",
        "Url": "./4/87fa7fa0-774f-4919-9693-06c1c1381d06",
        "Type": "Documentation",
        "UploadDate": "2006-11-28T11:56:44.46-08:00"
      }
    ]
  }
]