[
  {
    "Title": "Home",
    "Id": "728187",
    "ParentWikiTitle": "Home",
    "FileExtension": "codeplexwiki",
    "UpdatedDate": "2013-05-08T05:55:24.897-07:00",
    "FileAttachments": [
      {
        "Id": "63643da4-256b-4a84-9026-df958ccbb3e6",
        "FileName": "mdiwinman_pic1.jpg",
        "DownloadUri": "./728187/63643da4-256b-4a84-9026-df958ccbb3e6"
      }
    ]
  },
  {
    "Title": "Wiki Markup Guide",
    "Id": "4257",
    "ParentWikiTitle": "",
    "FileExtension": "codeplexwiki",
    "UpdatedDate": "2006-08-11T10:25:39.107-07:00",
    "FileAttachments": [
      {
        "Id": "99d23561-1cef-4a5b-b8d4-c4bf2dfb6177",
        "FileName": "project_icon_lrg.gif",
        "DownloadUri": "./4257/99d23561-1cef-4a5b-b8d4-c4bf2dfb6177"
      }
    ]
  }
]
